Workbook

Sheet Control OC
A1: CONTROL DE ÓRDENES DE COMPRA Y PAGOS A PROVEEDOR
A2: OC | B2: Fecha OC | C2: Proveedor | D2: Descripción | E2: Condiciones | F2: Monto Total | G2: Pagado | H2: Saldo | I2: % Pagado | J2: Fecha Último Pago | K2: Fecha Próximo Pago | L2: Días a Vencer | M2: Estatus | N2: Responsable | O2: Comentarios
A3: OC-STOCK 5 | B3: 45467 | C3: Proveedor ejemplo A | D3: Stock / compra general | E3: Parcialidades | F3: 967150 | G3: =IF($A3="","",SUMIFS(Pagos!$D:$D,Pagos!$A:$A,$A3,Pagos!$F:$F,"Pagado")) | H3: =IF($A3="","",$F3-$G3) | I3: =IF($A3="","",IF($F3=0,0,$G3/$F3)) | J3: =IF($A3="","",IFERROR(MAXIFS(Pagos!$C:$C,Pagos!$A:$A,$A3,Pagos!$F:$F,"Pagado"),"")) | K3: =IF($A3="","",IFERROR(MINIFS(Pagos!$C:$C,Pagos!$A:$A,$A3,Pagos!$F:$F,"Programado"),"")) | L3: =IF($A3="","",IF($K3="","",$K3-TODAY())) | M3: =IF($A3="","",IF($H3<=0,"Liquidada",IF(AND($K3<>"",$K3<TODAY()),"Vencida",IF($G3>0,"Parcial","Pendiente")))) | N3: Administración
A4: OC-2103 | B4: 45688 | C4: Proveedor ejemplo B | D4: Orden de compra OC-2103 | E4: Parcialidades | F4: 2610000 | G4: =IF($A4="","",SUMIFS(Pagos!$D:$D,Pagos!$A:$A,$A4,Pagos!$F:$F,"Pagado")) | H4: =IF($A4="","",$F4-$G4) | I4: =IF($A4="","",IF($F4=0,0,$G4/$F4)) | J4: =IF($A4="","",IFERROR(MAXIFS(Pagos!$C:$C,Pagos!$A:$A,$A4,Pagos!$F:$F,"Pagado"),"")) | K4: =IF($A4="","",IFERROR(MINIFS(Pagos!$C:$C,Pagos!$A:$A,$A4,Pagos!$F:$F,"Programado"),"")) | L4: =IF($A4="","",IF($K4="","",$K4-TODAY())) | M4: =IF($A4="","",IF($H4<=0,"Liquidada",IF(AND($K4<>"",$K4<TODAY()),"Vencida",IF($G4>0,"Parcial","Pendiente")))) | N4: Administración | O4: Revisar comentario de abono
G5: =IF($A5="","",SUMIFS(Pagos!$D:$D,Pagos!$A:$A,$A5,Pagos!$F:$F,"Pagado")) | H5: =IF($A5="","",$F5-$G5) | I5: =IF($A5="","",IF($F5=0,0,$G5/$F5)) | J5: =IF($A5="","",IFERROR(MAXIFS(Pagos!$C:$C,Pagos!$A:$A,$A5,Pagos!$F:$F,"Pagado"),"")) | K5: =IF($A5="","",IFERROR(MINIFS(Pagos!$C:$C,Pagos!$A:$A,$A5,Pagos!$F:$F,"Programado"),"")) | L5: =IF($A5="","",IF($K5="","",$K5-TODAY())) | M5: =IF($A5="","",IF($H5<=0,"Liquidada",IF(AND($K5<>"",$K5<TODAY()),"Vencida",IF($G5>0,"Parcial","Pendiente"))))
G6: =IF($A6="","",SUMIFS(Pagos!$D:$D,Pagos!$A:$A,$A6,Pagos!$F:$F,"Pagado")) | H6: =IF($A6="","",$F6-$G6) | I6: =IF($A6="","",IF($F6=0,0,$G6/$F6)) | J6: =IF($A6="","",IFERROR(MAXIFS(Pagos!$C:$C,Pagos!$A:$A,$A6,Pagos!$F:$F,"Pagado"),"")) | K6: =IF($A6="","",IFERROR(MINIFS(Pagos!$C:$C,Pagos!$A:$A,$A6,Pagos!$F:$F,"Programado"),"")) | L6: =IF($A6="","",IF($K6="","",$K6-TODAY())) | M6: =IF($A6="","",IF($H6<=0,"Liquidada",IF(AND($K6<>"",$K6<TODAY()),"Vencida",IF($G6>0,"Parcial","Pendiente"))))
G7: =IF($A7="","",SUMIFS(Pagos!$D:$D,Pagos!$A:$A,$A7,Pagos!$F:$F,"Pagado")) | H7: =IF($A7="","",$F7-$G7) | I7: =IF($A7="","",IF($F7=0,0,$G7/$F7)) | J7: =IF($A7="","",IFERROR(MAXIFS(Pagos!$C:$C,Pagos!$A:$A,$A7,Pagos!$F:$F,"Pagado"),"")) | K7: =IF($A7="","",IFERROR(MINIFS(Pagos!$C:$C,Pagos!$A:$A,$A7,Pagos!$F:$F,"Programado"),"")) | L7: =IF($A7="","",IF($K7="","",$K7-TODAY())) | M7: =IF($A7="","",IF($H7<=0,"Liquidada",IF(AND($K7<>"",$K7<TODAY()),"Vencida",IF($G7>0,"Parcial","Pendiente"))))
G8: =IF($A8="","",SUMIFS(Pagos!$D:$D,Pagos!$A:$A,$A8,Pagos!$F:$F,"Pagado")) | H8: =IF($A8="","",$F8-$G8) | I8: =IF($A8="","",IF($F8=0,0,$G8/$F8)) | J8: =IF($A8="","",IFERROR(MAXIFS(Pagos!$C:$C,Pagos!$A:$A,$A8,Pagos!$F:$F,"Pagado"),"")) | K8: =IF($A8="","",IFERROR(MINIFS(Pagos!$C:$C,Pagos!$A:$A,$A8,Pagos!$F:$F,"Programado"),"")) | L8: =IF($A8="","",IF($K8="","",$K8-TODAY())) | M8: =IF($A8="","",IF($H8<=0,"Liquidada",IF(AND($K8<>"",$K8<TODAY()),"Vencida",IF($G8>0,"Parcial","Pendiente"))))
G9: =IF($A9="","",SUMIFS(Pagos!$D:$D,Pagos!$A:$A,$A9,Pagos!$F:$F,"Pagado")) | H9: =IF($A9="","",$F9-$G9) | I9: =IF($A9="","",IF($F9=0,0,$G9/$F9)) | J9: =IF($A9="","",IFERROR(MAXIFS(Pagos!$C:$C,Pagos!$A:$A,$A9,Pagos!$F:$F,"Pagado"),"")) | K9: =IF($A9="","",IFERROR(MINIFS(Pagos!$C:$C,Pagos!$A:$A,$A9,Pagos!$F:$F,"Programado"),"")) | L9: =IF($A9="","",IF($K9="","",$K9-TODAY())) | M9: =IF($A9="","",IF($H9<=0,"Liquidada",IF(AND($K9<>"",$K9<TODAY()),"Vencida",IF($G9>0,"Parcial","Pendiente"))))
G10: =IF($A10="","",SUMIFS(Pagos!$D:$D,Pagos!$A:$A,$A10,Pagos!$F:$F,"Pagado")) | H10: =IF($A10="","",$F10-$G10) | I10: =IF($A10="","",IF($F10=0,0,$G10/$F10)) | J10: =IF($A10="","",IFERROR(MAXIFS(Pagos!$C:$C,Pagos!$A:$A,$A10,Pagos!$F:$F,"Pagado"),"")) | K10: =IF($A10="","",IFERROR(MINIFS(Pagos!$C:$C,Pagos!$A:$A,$A10,Pagos!$F:$F,"Programado"),"")) | L10: =IF($A10="","",IF($K10="","",$K10-TODAY())) | M10: =IF($A10="","",IF($H10<=0,"Liquidada",IF(AND($K10<>"",$K10<TODAY()),"Vencida",IF($G10>0,"Parcial","Pendiente"))))
G11: =IF($A11="","",SUMIFS(Pagos!$D:$D,Pagos!$A:$A,$A11,Pagos!$F:$F,"Pagado")) | H11: =IF($A11="","",$F11-$G11) | I11: =IF($A11="","",IF($F11=0,0,$G11/$F11)) | J11: =IF($A11="","",IFERROR(MAXIFS(Pagos!$C:$C,Pagos!$A:$A,$A11,Pagos!$F:$F,"Pagado"),"")) | K11: =IF($A11="","",IFERROR(MINIFS(Pagos!$C:$C,Pagos!$A:$A,$A11,Pagos!$F:$F,"Programado"),"")) | L11: =IF($A11="","",IF($K11="","",$K11-TODAY())) | M11: =IF($A11="","",IF($H11<=0,"Liquidada",IF(AND($K11<>"",$K11<TODAY()),"Vencida",IF($G11>0,"Parcial","Pendiente"))))
G12: =IF($A12="","",SUMIFS(Pagos!$D:$D,Pagos!$A:$A,$A12,Pagos!$F:$F,"Pagado")) | H12: =IF($A12="","",$F12-$G12) | I12: =IF($A12="","",IF($F12=0,0,$G12/$F12)) | J12: =IF($A12="","",IFERROR(MAXIFS(Pagos!$C:$C,Pagos!$A:$A,$A12,Pagos!$F:$F,"Pagado"),"")) | K12: =IF($A12="","",IFERROR(MINIFS(Pagos!$C:$C,Pagos!$A:$A,$A12,Pagos!$F:$F,"Programado"),"")) | L12: =IF($A12="","",IF($K12="","",$K12-TODAY())) | M12: =IF($A12="","",IF($H12<=0,"Liquidada",IF(AND($K12<>"",$K12<TODAY()),"Vencida",IF($G12>0,"Parcial","Pendiente"))))
G13: =IF($A13="","",SUMIFS(Pagos!$D:$D,Pagos!$A:$A,$A13,Pagos!$F:$F,"Pagado")) | H13: =IF($A13="","",$F13-$G13) | I13: =IF($A13="","",IF($F13=0,0,$G13/$F13)) | J13: =IF($A13="","",IFERROR(MAXIFS(Pagos!$C:$C,Pagos!$A:$A,$A13,Pagos!$F:$F,"Pagado"),"")) | K13: =IF($A13="","",IFERROR(MINIFS(Pagos!$C:$C,Pagos!$A:$A,$A13,Pagos!$F:$F,"Programado"),"")) | L13: =IF($A13="","",IF($K13="","",$K13-TODAY())) | M13: =IF($A13="","",IF($H13<=0,"Liquidada",IF(AND($K13<>"",$K13<TODAY()),"Vencida",IF($G13>0,"Parcial","Pendiente"))))
G14: =IF($A14="","",SUMIFS(Pagos!$D:$D,Pagos!$A:$A,$A14,Pagos!$F:$F,"Pagado")) | H14: =IF($A14="","",$F14-$G14) | I14: =IF($A14="","",IF($F14=0,0,$G14/$F14)) | J14: =IF($A14="","",IFERROR(MAXIFS(Pagos!$C:$C,Pagos!$A:$A,$A14,Pagos!$F:$F,"Pagado"),"")) | K14: =IF($A14="","",IFERROR(MINIFS(Pagos!$C:$C,Pagos!$A:$A,$A14,Pagos!$F:$F,"Programado"),"")) | L14: =IF($A14="","",IF($K14="","",$K14-TODAY())) | M14: =IF($A14="","",IF($H14<=0,"Liquidada",IF(AND($K14<>"",$K14<TODAY()),"Vencida",IF($G14>0,"Parcial","Pendiente"))))
G15: =IF($A15="","",SUMIFS(Pagos!$D:$D,Pagos!$A:$A,$A15,Pagos!$F:$F,"Pagado")) | H15: =IF($A15="","",$F15-$G15) | I15: =IF($A15="","",IF($F15=0,0,$G15/$F15)) | J15: =IF($A15="","",IFERROR(MAXIFS(Pagos!$C:$C,Pagos!$A:$A,$A15,Pagos!$F:$F,"Pagado"),"")) | K15: =IF($A15="","",IFERROR(MINIFS(Pagos!$C:$C,Pagos!$A:$A,$A15,Pagos!$F:$F,"Programado"),"")) | L15: =IF($A15="","",IF($K15="","",$K15-TODAY())) | M15: =IF($A15="","",IF($H15<=0,"Liquidada",IF(AND($K15<>"",$K15<TODAY()),"Vencida",IF($G15>0,"Parcial","Pendiente"))))
G16: =IF($A16="","",SUMIFS(Pagos!$D:$D,Pagos!$A:$A,$A16,Pagos!$F:$F,"Pagado")) | H16: =IF($A16="","",$F16-$G16) | I16: =IF($A16="","",IF($F16=0,0,$G16/$F16)) | J16: =IF($A16="","",IFERROR(MAXIFS(Pagos!$C:$C,Pagos!$A:$A,$A16,Pagos!$F:$F,"Pagado"),"")) | K16: =IF($A16="","",IFERROR(MINIFS(Pagos!$C:$C,Pagos!$A:$A,$A16,Pagos!$F:$F,"Programado"),"")) | L16: =IF($A16="","",IF($K16="","",$K16-TODAY())) | M16: =IF($A16="","",IF($H16<=0,"Liquidada",IF(AND($K16<>"",$K16<TODAY()),"Vencida",IF($G16>0,"Parcial","Pendiente"))))
... G301: =IF($A301="","",SUMIFS(Pagos!$D:$D,Pagos!$A:$A,$A301,Pagos!$F:$F,"Pagado")) | H301: =IF($A301="","",$F301-$G301) | I301: =IF($A301="","",IF($F301=0,0,$G301/$F301)) | J301: =IF($A301="","",IFERROR(MAXIFS(Pagos!$C:$C,Pagos!$A:$A,$A301,Pagos!$F:$F,"Pagado"),"")) | K301: =IF($A301="","",IFERROR(MINIFS(Pagos!$C:$C,Pagos!$A:$A,$A301,Pagos!$F:$F,"Programado"),"")) | L301: =IF($A301="","",IF($K301="","",$K301-TODAY())) | M301: =IF($A301="","",IF($H301<=0,"Liquidada",IF(AND($K301<>"",$K301<TODAY()),"Vencida",IF($G301>0,"Parcial","Pendiente"))))

Sheet Pagos
A1: DETALLE DE ABONOS / PAGOS
A2: OC | B2: No. Abono | C2: Fecha Pago | D2: Importe | E2: Método / Ref. | F2: Estado Pago | G2: Proveedor | H2: Comentarios
A3: OC-STOCK 5 | B3: 1 | C3: 45777 | D3: 122321.63 | F3: Pagado | G3: Proveedor ejemplo A
A4: OC-STOCK 5 | B4: 2 | C4: 45825 | D4: 300000 | F4: Pagado | G4: Proveedor ejemplo A
A5: OC-STOCK 5 | B5: 3 | C5: 45926 | D5: 160000 | F5: Pagado | G5: Proveedor ejemplo A
A6: OC-STOCK 5 | B6: 4 | C6: 45930 | D6: 384828.37 | F6: Pagado | G6: Proveedor ejemplo A
A7: OC-2103 | B7: 1 | C7: 45688 | D7: 1450000 | F7: Pagado | G7: Proveedor ejemplo B
A8: OC-2103 | B8: 2 | C8: 45930 | D8: 200000 | F8: Programado | G8: Proveedor ejemplo B
A9: OC-2103 | B9: 3 | C9: 45939 | D9: 210000 | F9: Programado | G9: Proveedor ejemplo B
A10: OC-2103 | B10: 4 | C10: 45943 | D10: 500000 | F10: Programado | G10: Proveedor ejemplo B
A11: OC-2103 | B11: 5 | C11: 45989 | D11: 200000 | F11: Programado | G11: Proveedor ejemplo B | H11: 50000

Sheet Proveedores
A1: CATÁLOGO DE PROVEEDORES
A2: Proveedor | B2: Contacto | C2: Teléfono | D2: Correo | E2: Días Crédito | F2: Cuenta / Banco | G2: Comentarios
A3: Proveedor ejemplo A | E3: 0
A4: Proveedor ejemplo B | E4: 0

Sheet Dashboard
A1: DASHBOARD DE PAGOS A PROVEEDORES
A3: Indicadores principales
A4: Total OC | B4: =SUM('Control OC'!$F$3:$F$301)
A5: Total Pagado | B5: =SUM('Control OC'!$G$3:$G$301)
A6: Saldo Pendiente | B6: =SUM('Control OC'!$H$3:$H$301)
A7: OC Vencidas | B7: =COUNTIF('Control OC'!$M$3:$M$301,"Vencida")
A8: Pagos próximos 7 días | B8: =COUNTIFS('Control OC'!$K$3:$K$301,">="&TODAY(),'Control OC'!$K$3:$K$301,"<="&TODAY()+7,'Control OC'!$H$3:$H$301,">0")
A11: Estatus | B11: Cantidad | D11: Mes | E11: Pagos Programados | F11: Pagos Realizados
A12: Pendiente | B12: =COUNTIF('Control OC'!$M$3:$M$301,A12) | D12: 45658 | E12: =SUMIFS(Pagos!$D:$D,Pagos!$C:$C,">="&D12,Pagos!$C:$C,"<"&EDATE(D12,1),Pagos!$F:$F,"Programado") | F12: =SUMIFS(Pagos!$D:$D,Pagos!$C:$C,">="&D12,Pagos!$C:$C,"<"&EDATE(D12,1),Pagos!$F:$F,"Pagado")
A13: Parcial | B13: =COUNTIF('Control OC'!$M$3:$M$301,A13) | D13: 45689 | E13: =SUMIFS(Pagos!$D:$D,Pagos!$C:$C,">="&D13,Pagos!$C:$C,"<"&EDATE(D13,1),Pagos!$F:$F,"Programado") | F13: =SUMIFS(Pagos!$D:$D,Pagos!$C:$C,">="&D13,Pagos!$C:$C,"<"&EDATE(D13,1),Pagos!$F:$F,"Pagado")
A14: Liquidada | B14: =COUNTIF('Control OC'!$M$3:$M$301,A14) | D14: 45717 | E14: =SUMIFS(Pagos!$D:$D,Pagos!$C:$C,">="&D14,Pagos!$C:$C,"<"&EDATE(D14,1),Pagos!$F:$F,"Programado") | F14: =SUMIFS(Pagos!$D:$D,Pagos!$C:$C,">="&D14,Pagos!$C:$C,"<"&EDATE(D14,1),Pagos!$F:$F,"Pagado")
A15: Vencida | B15: =COUNTIF('Control OC'!$M$3:$M$301,A15) | D15: 45748 | E15: =SUMIFS(Pagos!$D:$D,Pagos!$C:$C,">="&D15,Pagos!$C:$C,"<"&EDATE(D15,1),Pagos!$F:$F,"Programado") | F15: =SUMIFS(Pagos!$D:$D,Pagos!$C:$C,">="&D15,Pagos!$C:$C,"<"&EDATE(D15,1),Pagos!$F:$F,"Pagado")
A16: Cancelada | B16: =COUNTIF('Control OC'!$M$3:$M$301,A16) | D16: 45778 | E16: =SUMIFS(Pagos!$D:$D,Pagos!$C:$C,">="&D16,Pagos!$C:$C,"<"&EDATE(D16,1),Pagos!$F:$F,"Programado") | F16: =SUMIFS(Pagos!$D:$D,Pagos!$C:$C,">="&D16,Pagos!$C:$C,"<"&EDATE(D16,1),Pagos!$F:$F,"Pagado")
D17: 45809 | E17: =SUMIFS(Pagos!$D:$D,Pagos!$C:$C,">="&D17,Pagos!$C:$C,"<"&EDATE(D17,1),Pagos!$F:$F,"Programado") | F17: =SUMIFS(Pagos!$D:$D,Pagos!$C:$C,">="&D17,Pagos!$C:$C,"<"&EDATE(D17,1),Pagos!$F:$F,"Pagado")
D18: 45839 | E18: =SUMIFS(Pagos!$D:$D,Pagos!$C:$C,">="&D18,Pagos!$C:$C,"<"&EDATE(D18,1),Pagos!$F:$F,"Programado") | F18: =SUMIFS(Pagos!$D:$D,Pagos!$C:$C,">="&D18,Pagos!$C:$C,"<"&EDATE(D18,1),Pagos!$F:$F,"Pagado")
D19: 45870 | E19: =SUMIFS(Pagos!$D:$D,Pagos!$C:$C,">="&D19,Pagos!$C:$C,"<"&EDATE(D19,1),Pagos!$F:$F,"Programado") | F19: =SUMIFS(Pagos!$D:$D,Pagos!$C:$C,">="&D19,Pagos!$C:$C,"<"&EDATE(D19,1),Pagos!$F:$F,"Pagado")
D20: 45901 | E20: =SUMIFS(Pagos!$D:$D,Pagos!$C:$C,">="&D20,Pagos!$C:$C,"<"&EDATE(D20,1),Pagos!$F:$F,"Programado") | F20: =SUMIFS(Pagos!$D:$D,Pagos!$C:$C,">="&D20,Pagos!$C:$C,"<"&EDATE(D20,1),Pagos!$F:$F,"Pagado")
D21: 45931 | E21: =SUMIFS(Pagos!$D:$D,Pagos!$C:$C,">="&D21,Pagos!$C:$C,"<"&EDATE(D21,1),Pagos!$F:$F,"Programado") | F21: =SUMIFS(Pagos!$D:$D,Pagos!$C:$C,">="&D21,Pagos!$C:$C,"<"&EDATE(D21,1),Pagos!$F:$F,"Pagado")
D22: 45962 | E22: =SUMIFS(Pagos!$D:$D,Pagos!$C:$C,">="&D22,Pagos!$C:$C,"<"&EDATE(D22,1),Pagos!$F:$F,"Programado") | F22: =SUMIFS(Pagos!$D:$D,Pagos!$C:$C,">="&D22,Pagos!$C:$C,"<"&EDATE(D22,1),Pagos!$F:$F,"Pagado")
D23: 45992 | E23: =SUMIFS(Pagos!$D:$D,Pagos!$C:$C,">="&D23,Pagos!$C:$C,"<"&EDATE(D23,1),Pagos!$F:$F,"Programado") | F23: =SUMIFS(Pagos!$D:$D,Pagos!$C:$C,">="&D23,Pagos!$C:$C,"<"&EDATE(D23,1),Pagos!$F:$F,"Pagado")

Sheet Instrucciones
A1: GUÍA RÁPIDA DE USO
A2: No. | B2: Sección | C2: Qué hacer
A3: 1 | B3: Carga proveedores | C3: En la hoja Proveedores registra el catálogo. Después podrás seleccionarlos en Control OC.
A4: 2 | B4: Registra cada OC | C4: En Control OC captura OC, fecha, proveedor, descripción, condiciones, monto total, responsable y comentarios.
A5: 3 | B5: Registra abonos | C5: En Pagos captura cada abono con OC, número de abono, fecha, importe y Estado Pago.
A6: 4 | B6: Consulta saldos | C6: Control OC calcula pagado, saldo, porcentaje, último pago, próximo pago y estatus automáticamente.
A7: 5 | B7: Revisa dashboard | C7: El Dashboard muestra total comprado, total pagado, saldo pendiente, OC vencidas y pagos próximos.
A8: Nota | B8: Celdas azules | C8: Son campos de captura. Las celdas en negro son fórmulas: evita escribir encima de ellas.

Sheet Config
A1: Estatus OC | C1: Estado Pago | E1: Condiciones
A2: Pendiente | C2: Pagado | E2: Contado
A3: Parcial | C3: Programado | E3: Crédito
A4: Liquidada | C4: Cancelado | E4: Anticipo
A5: Vencida | E5: Contra entrega
A6: Cancelada | E6: Parcialidades
